<?xml version="1.0" encoding="utf-8" standalone="yes"?>
<rss version="2.0" xmlns:atom="http://www.w3.org/2005/Atom">
  <channel>
    <title>Tags on ulisesmartin.com</title>
    <link>http://ulisesmartin.com/tags/</link>
    <description>Recent content in Tags on ulisesmartin.com</description>
    <generator>Hugo -- gohugo.io</generator>
    <language>es</language>
    <copyright>© Copyright</copyright><atom:link href="http://ulisesmartin.com/tags/index.xml" rel="self" type="application/rss+xml" />
  </channel>
</rss>
